{
	"name": "CiteThisPage",
	"author": [
		"Ævar Arnfjörð Bjarmason",
		"James D. Forrester"
	],
	"url": "https://www.mediawiki.org/wiki/Extension:CiteThisPage",
	"descriptionmsg": "citethispage-desc",
	"license-name": "GPL-2.0+",
	"type": "specialpage",
	"ExtensionMessagesFiles": {
		"CiteThisPageAliases": "CiteThisPage.alias.php"
	},
	"MessagesDirs": {
		"CiteThisPage": [
			"i18n"
		]
	},
	"Hooks": {
		"SkinTemplateBuildNavUrlsNav_urlsAfterPermalink": [
			"CiteThisPageHooks::onSkinTemplateBuildNavUrlsNav_urlsAfterPermalink"
		],
		"SkinTemplateToolboxEnd": [
			"CiteThisPageHooks::onSkinTemplateToolboxEnd"
		]
	},
	"ResourceModules": {
		"ext.citeThisPage": {
			"position": "top",
			"styles": "ext.citeThisPage.css"
		}
	},
	"ResourceFileModulePaths": {
		"localBasePath": "modules",
		"remoteExtPath": "CiteThisPage/modules"
	},
	"SpecialPages": {
		"CiteThisPage": "SpecialCiteThisPage"
	},
	"AutoloadClasses": {
		"SpecialCiteThisPage": "SpecialCiteThisPage.php",
		"CiteThisPageOutput": "SpecialCiteThisPage.php",
		"CiteThisPageHooks": "CiteThisPage.hooks.php"
	},
	"manifest_version": 1
}
